roof_group,games,avg_total_points
indoor,1641,46.78062157221206
outdoor,5051,43.21401702633142
